<?xml version="1.0" encoding="UTF-8"?>
<root>
  <item name="com.clevertap.android.sdk.pushnotification.CTPushProvider int getPlatform()">
    <annotation name="androidx.annotation.IntDef">
      <val name="value" val="{com.clevertap.android.sdk.pushnotification.PushConstants.ANDROID_PLATFORM, com.clevertap.android.sdk.pushnotification.PushConstants.AMAZON_PLATFORM}" />
    </annotation>
  </item>
  <item name="com.clevertap.android.sdk.pushnotification.PushConstants.CTPushProviderClass">
    <annotation name="androidx.annotation.StringDef">
      <val name="value" val="{com.clevertap.android.sdk.pushnotification.PushConstants.CT_FIREBASE_PROVIDER_CLASS, com.clevertap.android.sdk.pushnotification.PushConstants.CT_XIAOMI_PROVIDER_CLASS, com.clevertap.android.sdk.pushnotification.PushConstants.CT_BAIDU_PROVIDER_CLASS, com.clevertap.android.sdk.pushnotification.PushConstants.CT_HUAWEI_PROVIDER_CLASS, com.clevertap.android.sdk.pushnotification.PushConstants.CT_ADM_PROVIDER_CLASS}" />
    </annotation>
  </item>
  <item name="com.clevertap.android.sdk.pushnotification.PushConstants.DeliveryType">
    <annotation name="androidx.annotation.StringDef">
      <val name="value" val="{com.clevertap.android.sdk.pushnotification.PushConstants.FCM_DELIVERY_TYPE, com.clevertap.android.sdk.pushnotification.PushConstants.XIAOMI_DELIVERY_TYPE, com.clevertap.android.sdk.pushnotification.PushConstants.HMS_DELIVERY_TYPE, com.clevertap.android.sdk.pushnotification.PushConstants.BAIDU_DELIVERY_TYPE, com.clevertap.android.sdk.pushnotification.PushConstants.ADM_DELIVERY_TYPE}" />
    </annotation>
  </item>
  <item name="com.clevertap.android.sdk.pushnotification.PushConstants.Platform">
    <annotation name="androidx.annotation.IntDef">
      <val name="value" val="{com.clevertap.android.sdk.pushnotification.PushConstants.ANDROID_PLATFORM, com.clevertap.android.sdk.pushnotification.PushConstants.AMAZON_PLATFORM}" />
    </annotation>
  </item>
  <item name="com.clevertap.android.sdk.pushnotification.PushConstants.PushMessagingClass">
    <annotation name="androidx.annotation.StringDef">
      <val name="value" val="{com.clevertap.android.sdk.pushnotification.PushConstants.FIREBASE_SDK_CLASS, com.clevertap.android.sdk.pushnotification.PushConstants.XIAOMI_SDK_CLASS, com.clevertap.android.sdk.pushnotification.PushConstants.BAIDU_SDK_CLASS, com.clevertap.android.sdk.pushnotification.PushConstants.HUAWEI_SDK_CLASS, com.clevertap.android.sdk.pushnotification.PushConstants.ADM_SDK_CLASS}" />
    </annotation>
  </item>
  <item name="com.clevertap.android.sdk.pushnotification.PushConstants.PushType PushType(java.lang.String, java.lang.String, java.lang.String, java.lang.String, int, java.lang.String) 0">
    <annotation name="androidx.annotation.StringDef">
      <val name="value" val="{com.clevertap.android.sdk.pushnotification.PushConstants.FCM_DELIVERY_TYPE, com.clevertap.android.sdk.pushnotification.PushConstants.XIAOMI_DELIVERY_TYPE, com.clevertap.android.sdk.pushnotification.PushConstants.HMS_DELIVERY_TYPE, com.clevertap.android.sdk.pushnotification.PushConstants.BAIDU_DELIVERY_TYPE, com.clevertap.android.sdk.pushnotification.PushConstants.ADM_DELIVERY_TYPE}" />
    </annotation>
  </item>
  <item name="com.clevertap.android.sdk.pushnotification.PushConstants.PushType PushType(java.lang.String, java.lang.String, java.lang.String, java.lang.String, int, java.lang.String) 1">
    <annotation name="androidx.annotation.StringDef">
      <val name="value" val="{com.clevertap.android.sdk.pushnotification.PushConstants.FCM_PROPERTY_REG_ID, com.clevertap.android.sdk.pushnotification.PushConstants.HPS_PROPERTY_REG_ID, com.clevertap.android.sdk.pushnotification.PushConstants.XPS_PROPERTY_REG_ID, com.clevertap.android.sdk.pushnotification.PushConstants.BPS_PROPERTY_REG_ID, com.clevertap.android.sdk.pushnotification.PushConstants.ADM_PROPERTY_REG_ID}" />
    </annotation>
  </item>
  <item name="com.clevertap.android.sdk.pushnotification.PushConstants.PushType PushType(java.lang.String, java.lang.String, java.lang.String, java.lang.String, int, java.lang.String) 2">
    <annotation name="androidx.annotation.StringDef">
      <val name="value" val="{com.clevertap.android.sdk.pushnotification.PushConstants.CT_FIREBASE_PROVIDER_CLASS, com.clevertap.android.sdk.pushnotification.PushConstants.CT_XIAOMI_PROVIDER_CLASS, com.clevertap.android.sdk.pushnotification.PushConstants.CT_BAIDU_PROVIDER_CLASS, com.clevertap.android.sdk.pushnotification.PushConstants.CT_HUAWEI_PROVIDER_CLASS, com.clevertap.android.sdk.pushnotification.PushConstants.CT_ADM_PROVIDER_CLASS}" />
    </annotation>
  </item>
  <item name="com.clevertap.android.sdk.pushnotification.PushConstants.PushType PushType(java.lang.String, java.lang.String, java.lang.String, java.lang.String, int, java.lang.String) 3">
    <annotation name="androidx.annotation.StringDef">
      <val name="value" val="{com.clevertap.android.sdk.pushnotification.PushConstants.FIREBASE_SDK_CLASS, com.clevertap.android.sdk.pushnotification.PushConstants.XIAOMI_SDK_CLASS, com.clevertap.android.sdk.pushnotification.PushConstants.BAIDU_SDK_CLASS, com.clevertap.android.sdk.pushnotification.PushConstants.HUAWEI_SDK_CLASS, com.clevertap.android.sdk.pushnotification.PushConstants.ADM_SDK_CLASS}" />
    </annotation>
  </item>
  <item name="com.clevertap.android.sdk.pushnotification.PushConstants.PushType PushType(java.lang.String, java.lang.String, java.lang.String, java.lang.String, int, java.lang.String) 4">
    <annotation name="androidx.annotation.IntDef">
      <val name="value" val="{com.clevertap.android.sdk.pushnotification.PushConstants.ALL_DEVICES, com.clevertap.android.sdk.pushnotification.PushConstants.XIAOMI_MIUI_DEVICES, com.clevertap.android.sdk.pushnotification.PushConstants.NO_DEVICES}" />
    </annotation>
  </item>
  <item name="com.clevertap.android.sdk.pushnotification.PushConstants.PushType int getRunningDevices()">
    <annotation name="androidx.annotation.IntDef">
      <val name="value" val="{com.clevertap.android.sdk.pushnotification.PushConstants.ALL_DEVICES, com.clevertap.android.sdk.pushnotification.PushConstants.XIAOMI_MIUI_DEVICES, com.clevertap.android.sdk.pushnotification.PushConstants.NO_DEVICES}" />
    </annotation>
  </item>
  <item name="com.clevertap.android.sdk.pushnotification.PushConstants.PushType java.lang.String getTokenPrefKey()">
    <annotation name="androidx.annotation.StringDef">
      <val name="value" val="{com.clevertap.android.sdk.pushnotification.PushConstants.FCM_PROPERTY_REG_ID, com.clevertap.android.sdk.pushnotification.PushConstants.HPS_PROPERTY_REG_ID, com.clevertap.android.sdk.pushnotification.PushConstants.XPS_PROPERTY_REG_ID, com.clevertap.android.sdk.pushnotification.PushConstants.BPS_PROPERTY_REG_ID, com.clevertap.android.sdk.pushnotification.PushConstants.ADM_PROPERTY_REG_ID}" />
    </annotation>
  </item>
  <item name="com.clevertap.android.sdk.pushnotification.PushConstants.PushType java.lang.String toString()">
    <annotation name="androidx.annotation.StringDef">
      <val name="value" val="{com.clevertap.android.sdk.pushnotification.PushConstants.FCM_DELIVERY_TYPE, com.clevertap.android.sdk.pushnotification.PushConstants.XIAOMI_DELIVERY_TYPE, com.clevertap.android.sdk.pushnotification.PushConstants.HMS_DELIVERY_TYPE, com.clevertap.android.sdk.pushnotification.PushConstants.BAIDU_DELIVERY_TYPE, com.clevertap.android.sdk.pushnotification.PushConstants.ADM_DELIVERY_TYPE}" />
    </annotation>
  </item>
  <item name="com.clevertap.android.sdk.pushnotification.PushConstants.PushType runningDevices">
    <annotation name="androidx.annotation.IntDef">
      <val name="value" val="{com.clevertap.android.sdk.pushnotification.PushConstants.ALL_DEVICES, com.clevertap.android.sdk.pushnotification.PushConstants.XIAOMI_MIUI_DEVICES, com.clevertap.android.sdk.pushnotification.PushConstants.NO_DEVICES}" />
    </annotation>
  </item>
  <item name="com.clevertap.android.sdk.pushnotification.PushConstants.PushType void setRunningDevices(int) 0">
    <annotation name="androidx.annotation.IntDef">
      <val name="value" val="{com.clevertap.android.sdk.pushnotification.PushConstants.ALL_DEVICES, com.clevertap.android.sdk.pushnotification.PushConstants.XIAOMI_MIUI_DEVICES, com.clevertap.android.sdk.pushnotification.PushConstants.NO_DEVICES}" />
    </annotation>
  </item>
  <item name="com.clevertap.android.sdk.pushnotification.PushConstants.RegKeyType">
    <annotation name="androidx.annotation.StringDef">
      <val name="value" val="{com.clevertap.android.sdk.pushnotification.PushConstants.FCM_PROPERTY_REG_ID, com.clevertap.android.sdk.pushnotification.PushConstants.HPS_PROPERTY_REG_ID, com.clevertap.android.sdk.pushnotification.PushConstants.XPS_PROPERTY_REG_ID, com.clevertap.android.sdk.pushnotification.PushConstants.BPS_PROPERTY_REG_ID, com.clevertap.android.sdk.pushnotification.PushConstants.ADM_PROPERTY_REG_ID}" />
    </annotation>
  </item>
  <item name="com.clevertap.android.sdk.pushnotification.PushConstants.XiaomiPush">
    <annotation name="androidx.annotation.IntDef">
      <val name="value" val="{com.clevertap.android.sdk.pushnotification.PushConstants.ALL_DEVICES, com.clevertap.android.sdk.pushnotification.PushConstants.XIAOMI_MIUI_DEVICES, com.clevertap.android.sdk.pushnotification.PushConstants.NO_DEVICES}" />
    </annotation>
  </item>
</root>

