<?xml version="1.0" encoding="UTF-8"?>
<root>
  <item name="com.clevertap.android.sdk.CleverTapAPI int getEnableXiaomiPushOn()">
    <annotation name="androidx.annotation.IntDef">
      <val name="value" val="{com.clevertap.android.sdk.pushnotification.PushConstants.ALL_DEVICES, com.clevertap.android.sdk.pushnotification.PushConstants.XIAOMI_MIUI_DEVICES, com.clevertap.android.sdk.pushnotification.PushConstants.NO_DEVICES}" />
    </annotation>
  </item>
  <item name="com.clevertap.android.sdk.CleverTapAPI void enableXiaomiPushOn(int) 0">
    <annotation name="androidx.annotation.IntDef">
      <val name="value" val="{com.clevertap.android.sdk.pushnotification.PushConstants.ALL_DEVICES, com.clevertap.android.sdk.pushnotification.PushConstants.XIAOMI_MIUI_DEVICES, com.clevertap.android.sdk.pushnotification.PushConstants.NO_DEVICES}" />
    </annotation>
  </item>
  <item name="com.clevertap.android.sdk.CleverTapInstanceConfig void setIdentityKeys(java.lang.String...) 0">
    <annotation name="androidx.annotation.StringDef">
      <val name="value" val="{com.clevertap.android.sdk.Constants.TYPE_EMAIL, com.clevertap.android.sdk.Constants.TYPE_PHONE, com.clevertap.android.sdk.Constants.TYPE_IDENTITY}" />
    </annotation>
  </item>
  <item name="com.clevertap.android.sdk.Constants.IdentityType">
    <annotation name="androidx.annotation.StringDef">
      <val name="value" val="{com.clevertap.android.sdk.Constants.TYPE_EMAIL, com.clevertap.android.sdk.Constants.TYPE_PHONE, com.clevertap.android.sdk.Constants.TYPE_IDENTITY}" />
    </annotation>
  </item>
  <item name="com.clevertap.android.sdk.DeviceInfo int getDeviceType(android.content.Context)">
    <annotation name="androidx.annotation.IntDef">
      <val name="value" val="{com.clevertap.android.sdk.DeviceInfo.SMART_PHONE, com.clevertap.android.sdk.DeviceInfo.TABLET, com.clevertap.android.sdk.DeviceInfo.TV, com.clevertap.android.sdk.DeviceInfo.UNKNOWN, com.clevertap.android.sdk.DeviceInfo.NULL}" />
    </annotation>
  </item>
  <item name="com.clevertap.android.sdk.DeviceInfo sDeviceType">
    <annotation name="androidx.annotation.IntDef">
      <val name="value" val="{com.clevertap.android.sdk.DeviceInfo.SMART_PHONE, com.clevertap.android.sdk.DeviceInfo.TABLET, com.clevertap.android.sdk.DeviceInfo.TV, com.clevertap.android.sdk.DeviceInfo.UNKNOWN, com.clevertap.android.sdk.DeviceInfo.NULL}" />
    </annotation>
  </item>
</root>

